/*
Navicat MySQL Data Transfer

Source Server         : mybaits-connect
Source Server Version : 80031
Source Host           : localhost:3306
Source Database       : lagoudata

Target Server Type    : MYSQL
Target Server Version : 80031
File Encoding         : 65001

Date: 2024-08-17 02:37:31
*/

SET FOREIGN_KEY_CHECKS=0;

-- ----------------------------
-- Table structure for `auth_group`
-- ----------------------------
DROP TABLE IF EXISTS `auth_group`;
CREATE TABLE `auth_group` (
  `id` int NOT NULL AUTO_INCREMENT,
  `name` varchar(150) NOT NULL,
  PRIMARY KEY (`id`),
  UNIQUE KEY `name` (`name`)
) ENGINE=InnoDB DEFAULT CHARSET=utf8mb4 COLLATE=utf8mb4_0900_ai_ci;

-- ----------------------------
-- Records of auth_group
-- ----------------------------

-- ----------------------------
-- Table structure for `auth_group_permissions`
-- ----------------------------
DROP TABLE IF EXISTS `auth_group_permissions`;
CREATE TABLE `auth_group_permissions` (
  `id` bigint NOT NULL AUTO_INCREMENT,
  `group_id` int NOT NULL,
  `permission_id` int NOT NULL,
  PRIMARY KEY (`id`),
  UNIQUE KEY `auth_group_permissions_group_id_permission_id_0cd325b0_uniq` (`group_id`,`permission_id`),
  KEY `auth_group_permissio_permission_id_84c5c92e_fk_auth_perm` (`permission_id`),
  CONSTRAINT `auth_group_permissio_permission_id_84c5c92e_fk_auth_perm` FOREIGN KEY (`permission_id`) REFERENCES `auth_permission` (`id`),
  CONSTRAINT `auth_group_permissions_group_id_b120cbf9_fk_auth_group_id` FOREIGN KEY (`group_id`) REFERENCES `auth_group` (`id`)
) ENGINE=InnoDB DEFAULT CHARSET=utf8mb4 COLLATE=utf8mb4_0900_ai_ci;

-- ----------------------------
-- Records of auth_group_permissions
-- ----------------------------

-- ----------------------------
-- Table structure for `auth_permission`
-- ----------------------------
DROP TABLE IF EXISTS `auth_permission`;
CREATE TABLE `auth_permission` (
  `id` int NOT NULL AUTO_INCREMENT,
  `name` varchar(255) NOT NULL,
  `content_type_id` int NOT NULL,
  `codename` varchar(100) NOT NULL,
  PRIMARY KEY (`id`),
  UNIQUE KEY `auth_permission_content_type_id_codename_01ab375a_uniq` (`content_type_id`,`codename`),
  CONSTRAINT `auth_permission_content_type_id_2f476e4b_fk_django_co` FOREIGN KEY (`content_type_id`) REFERENCES `django_content_type` (`id`)
) ENGINE=InnoDB AUTO_INCREMENT=33 DEFAULT CHARSET=utf8mb4 COLLATE=utf8mb4_0900_ai_ci;

-- ----------------------------
-- Records of auth_permission
-- ----------------------------
INSERT INTO `auth_permission` VALUES ('1', 'Can add log entry', '1', 'add_logentry');
INSERT INTO `auth_permission` VALUES ('2', 'Can change log entry', '1', 'change_logentry');
INSERT INTO `auth_permission` VALUES ('3', 'Can delete log entry', '1', 'delete_logentry');
INSERT INTO `auth_permission` VALUES ('4', 'Can view log entry', '1', 'view_logentry');
INSERT INTO `auth_permission` VALUES ('5', 'Can add permission', '2', 'add_permission');
INSERT INTO `auth_permission` VALUES ('6', 'Can change permission', '2', 'change_permission');
INSERT INTO `auth_permission` VALUES ('7', 'Can delete permission', '2', 'delete_permission');
INSERT INTO `auth_permission` VALUES ('8', 'Can view permission', '2', 'view_permission');
INSERT INTO `auth_permission` VALUES ('9', 'Can add group', '3', 'add_group');
INSERT INTO `auth_permission` VALUES ('10', 'Can change group', '3', 'change_group');
INSERT INTO `auth_permission` VALUES ('11', 'Can delete group', '3', 'delete_group');
INSERT INTO `auth_permission` VALUES ('12', 'Can view group', '3', 'view_group');
INSERT INTO `auth_permission` VALUES ('13', 'Can add user', '4', 'add_user');
INSERT INTO `auth_permission` VALUES ('14', 'Can change user', '4', 'change_user');
INSERT INTO `auth_permission` VALUES ('15', 'Can delete user', '4', 'delete_user');
INSERT INTO `auth_permission` VALUES ('16', 'Can view user', '4', 'view_user');
INSERT INTO `auth_permission` VALUES ('17', 'Can add content type', '5', 'add_contenttype');
INSERT INTO `auth_permission` VALUES ('18', 'Can change content type', '5', 'change_contenttype');
INSERT INTO `auth_permission` VALUES ('19', 'Can delete content type', '5', 'delete_contenttype');
INSERT INTO `auth_permission` VALUES ('20', 'Can view content type', '5', 'view_contenttype');
INSERT INTO `auth_permission` VALUES ('21', 'Can add session', '6', 'add_session');
INSERT INTO `auth_permission` VALUES ('22', 'Can change session', '6', 'change_session');
INSERT INTO `auth_permission` VALUES ('23', 'Can delete session', '6', 'delete_session');
INSERT INTO `auth_permission` VALUES ('24', 'Can view session', '6', 'view_session');
INSERT INTO `auth_permission` VALUES ('25', 'Can add user', '7', 'add_user');
INSERT INTO `auth_permission` VALUES ('26', 'Can change user', '7', 'change_user');
INSERT INTO `auth_permission` VALUES ('27', 'Can delete user', '7', 'delete_user');
INSERT INTO `auth_permission` VALUES ('28', 'Can view user', '7', 'view_user');
INSERT INTO `auth_permission` VALUES ('29', 'Can add history', '8', 'add_history');
INSERT INTO `auth_permission` VALUES ('30', 'Can change history', '8', 'change_history');
INSERT INTO `auth_permission` VALUES ('31', 'Can delete history', '8', 'delete_history');
INSERT INTO `auth_permission` VALUES ('32', 'Can view history', '8', 'view_history');

-- ----------------------------
-- Table structure for `auth_user`
-- ----------------------------
DROP TABLE IF EXISTS `auth_user`;
CREATE TABLE `auth_user` (
  `id` int NOT NULL AUTO_INCREMENT,
  `password` varchar(128) NOT NULL,
  `last_login` datetime(6) DEFAULT NULL,
  `is_superuser` tinyint(1) NOT NULL,
  `username` varchar(150) NOT NULL,
  `first_name` varchar(150) NOT NULL,
  `last_name` varchar(150) NOT NULL,
  `email` varchar(254) NOT NULL,
  `is_staff` tinyint(1) NOT NULL,
  `is_active` tinyint(1) NOT NULL,
  `date_joined` datetime(6) NOT NULL,
  PRIMARY KEY (`id`),
  UNIQUE KEY `username` (`username`)
) ENGINE=InnoDB DEFAULT CHARSET=utf8mb4 COLLATE=utf8mb4_0900_ai_ci;

-- ----------------------------
-- Records of auth_user
-- ----------------------------

-- ----------------------------
-- Table structure for `auth_user_groups`
-- ----------------------------
DROP TABLE IF EXISTS `auth_user_groups`;
CREATE TABLE `auth_user_groups` (
  `id` bigint NOT NULL AUTO_INCREMENT,
  `user_id` int NOT NULL,
  `group_id` int NOT NULL,
  PRIMARY KEY (`id`),
  UNIQUE KEY `auth_user_groups_user_id_group_id_94350c0c_uniq` (`user_id`,`group_id`),
  KEY `auth_user_groups_group_id_97559544_fk_auth_group_id` (`group_id`),
  CONSTRAINT `auth_user_groups_group_id_97559544_fk_auth_group_id` FOREIGN KEY (`group_id`) REFERENCES `auth_group` (`id`),
  CONSTRAINT `auth_user_groups_user_id_6a12ed8b_fk_auth_user_id` FOREIGN KEY (`user_id`) REFERENCES `auth_user` (`id`)
) ENGINE=InnoDB DEFAULT CHARSET=utf8mb4 COLLATE=utf8mb4_0900_ai_ci;

-- ----------------------------
-- Records of auth_user_groups
-- ----------------------------

-- ----------------------------
-- Table structure for `auth_user_user_permissions`
-- ----------------------------
DROP TABLE IF EXISTS `auth_user_user_permissions`;
CREATE TABLE `auth_user_user_permissions` (
  `id` bigint NOT NULL AUTO_INCREMENT,
  `user_id` int NOT NULL,
  `permission_id` int NOT NULL,
  PRIMARY KEY (`id`),
  UNIQUE KEY `auth_user_user_permissions_user_id_permission_id_14a6b632_uniq` (`user_id`,`permission_id`),
  KEY `auth_user_user_permi_permission_id_1fbb5f2c_fk_auth_perm` (`permission_id`),
  CONSTRAINT `auth_user_user_permi_permission_id_1fbb5f2c_fk_auth_perm` FOREIGN KEY (`permission_id`) REFERENCES `auth_permission` (`id`),
  CONSTRAINT `auth_user_user_permissions_user_id_a95ead1b_fk_auth_user_id` FOREIGN KEY (`user_id`) REFERENCES `auth_user` (`id`)
) ENGINE=InnoDB DEFAULT CHARSET=utf8mb4 COLLATE=utf8mb4_0900_ai_ci;

-- ----------------------------
-- Records of auth_user_user_permissions
-- ----------------------------

-- ----------------------------
-- Table structure for `django_admin_log`
-- ----------------------------
DROP TABLE IF EXISTS `django_admin_log`;
CREATE TABLE `django_admin_log` (
  `id` int NOT NULL AUTO_INCREMENT,
  `action_time` datetime(6) NOT NULL,
  `object_id` longtext,
  `object_repr` varchar(200) NOT NULL,
  `action_flag` smallint unsigned NOT NULL,
  `change_message` longtext NOT NULL,
  `content_type_id` int DEFAULT NULL,
  `user_id` int NOT NULL,
  PRIMARY KEY (`id`),
  KEY `django_admin_log_content_type_id_c4bce8eb_fk_django_co` (`content_type_id`),
  KEY `django_admin_log_user_id_c564eba6_fk_auth_user_id` (`user_id`),
  CONSTRAINT `django_admin_log_content_type_id_c4bce8eb_fk_django_co` FOREIGN KEY (`content_type_id`) REFERENCES `django_content_type` (`id`),
  CONSTRAINT `django_admin_log_user_id_c564eba6_fk_auth_user_id` FOREIGN KEY (`user_id`) REFERENCES `auth_user` (`id`),
  CONSTRAINT `django_admin_log_chk_1` CHECK ((`action_flag` >= 0))
) ENGINE=InnoDB DEFAULT CHARSET=utf8mb4 COLLATE=utf8mb4_0900_ai_ci;

-- ----------------------------
-- Records of django_admin_log
-- ----------------------------

-- ----------------------------
-- Table structure for `django_content_type`
-- ----------------------------
DROP TABLE IF EXISTS `django_content_type`;
CREATE TABLE `django_content_type` (
  `id` int NOT NULL AUTO_INCREMENT,
  `app_label` varchar(100) NOT NULL,
  `model` varchar(100) NOT NULL,
  PRIMARY KEY (`id`),
  UNIQUE KEY `django_content_type_app_label_model_76bd3d3b_uniq` (`app_label`,`model`)
) ENGINE=InnoDB AUTO_INCREMENT=9 DEFAULT CHARSET=utf8mb4 COLLATE=utf8mb4_0900_ai_ci;

-- ----------------------------
-- Records of django_content_type
-- ----------------------------
INSERT INTO `django_content_type` VALUES ('1', 'admin', 'logentry');
INSERT INTO `django_content_type` VALUES ('3', 'auth', 'group');
INSERT INTO `django_content_type` VALUES ('2', 'auth', 'permission');
INSERT INTO `django_content_type` VALUES ('4', 'auth', 'user');
INSERT INTO `django_content_type` VALUES ('5', 'contenttypes', 'contenttype');
INSERT INTO `django_content_type` VALUES ('8', 'myApp', 'history');
INSERT INTO `django_content_type` VALUES ('7', 'myApp', 'user');
INSERT INTO `django_content_type` VALUES ('6', 'sessions', 'session');

-- ----------------------------
-- Table structure for `django_migrations`
-- ----------------------------
DROP TABLE IF EXISTS `django_migrations`;
CREATE TABLE `django_migrations` (
  `id` bigint NOT NULL AUTO_INCREMENT,
  `app` varchar(255) NOT NULL,
  `name` varchar(255) NOT NULL,
  `applied` datetime(6) NOT NULL,
  PRIMARY KEY (`id`)
) ENGINE=InnoDB AUTO_INCREMENT=20 DEFAULT CHARSET=utf8mb4 COLLATE=utf8mb4_0900_ai_ci;

-- ----------------------------
-- Records of django_migrations
-- ----------------------------
INSERT INTO `django_migrations` VALUES ('1', 'contenttypes', '0001_initial', '2024-08-12 11:03:32.498748');
INSERT INTO `django_migrations` VALUES ('2', 'auth', '0001_initial', '2024-08-12 11:03:32.999298');
INSERT INTO `django_migrations` VALUES ('3', 'admin', '0001_initial', '2024-08-12 11:03:33.111187');
INSERT INTO `django_migrations` VALUES ('4', 'admin', '0002_logentry_remove_auto_add', '2024-08-12 11:03:33.119255');
INSERT INTO `django_migrations` VALUES ('5', 'admin', '0003_logentry_add_action_flag_choices', '2024-08-12 11:03:33.128257');
INSERT INTO `django_migrations` VALUES ('6', 'contenttypes', '0002_remove_content_type_name', '2024-08-12 11:03:33.205722');
INSERT INTO `django_migrations` VALUES ('7', 'auth', '0002_alter_permission_name_max_length', '2024-08-12 11:03:33.259865');
INSERT INTO `django_migrations` VALUES ('8', 'auth', '0003_alter_user_email_max_length', '2024-08-12 11:03:33.282375');
INSERT INTO `django_migrations` VALUES ('9', 'auth', '0004_alter_user_username_opts', '2024-08-12 11:03:33.290908');
INSERT INTO `django_migrations` VALUES ('10', 'auth', '0005_alter_user_last_login_null', '2024-08-12 11:03:33.342763');
INSERT INTO `django_migrations` VALUES ('11', 'auth', '0006_require_contenttypes_0002', '2024-08-12 11:03:33.347522');
INSERT INTO `django_migrations` VALUES ('12', 'auth', '0007_alter_validators_add_error_messages', '2024-08-12 11:03:33.355063');
INSERT INTO `django_migrations` VALUES ('13', 'auth', '0008_alter_user_username_max_length', '2024-08-12 11:03:33.407069');
INSERT INTO `django_migrations` VALUES ('14', 'auth', '0009_alter_user_last_name_max_length', '2024-08-12 11:03:33.458820');
INSERT INTO `django_migrations` VALUES ('15', 'auth', '0010_alter_group_name_max_length', '2024-08-12 11:03:33.475920');
INSERT INTO `django_migrations` VALUES ('16', 'auth', '0011_update_proxy_permissions', '2024-08-12 11:03:33.486050');
INSERT INTO `django_migrations` VALUES ('17', 'auth', '0012_alter_user_first_name_max_length', '2024-08-12 11:03:33.536987');
INSERT INTO `django_migrations` VALUES ('18', 'myApp', '0001_initial', '2024-08-12 11:03:33.616380');
INSERT INTO `django_migrations` VALUES ('19', 'sessions', '0001_initial', '2024-08-12 11:03:33.654574');

-- ----------------------------
-- Table structure for `django_session`
-- ----------------------------
DROP TABLE IF EXISTS `django_session`;
CREATE TABLE `django_session` (
  `session_key` varchar(40) NOT NULL,
  `session_data` longtext NOT NULL,
  `expire_date` datetime(6) NOT NULL,
  PRIMARY KEY (`session_key`),
  KEY `django_session_expire_date_a5c62663` (`expire_date`)
) ENGINE=InnoDB DEFAULT CHARSET=utf8mb4 COLLATE=utf8mb4_0900_ai_ci;

-- ----------------------------
-- Records of django_session
-- ----------------------------
INSERT INTO `django_session` VALUES ('kb7p16646eomzf9ub2ms4hqokqeisqbq', 'eyJ1c2VybmFtZSI6InVzZXJPbmUifQ:1sevMd:iJwDhZavCi9V0UdJcnYPeS5KjPIkulJBUpgYfYebtwU', '2024-08-30 11:43:27.754109');

-- ----------------------------
-- Table structure for `history`
-- ----------------------------
DROP TABLE IF EXISTS `history`;
CREATE TABLE `history` (
  `id` int NOT NULL AUTO_INCREMENT,
  `jobId` varchar(255) NOT NULL,
  `count` int NOT NULL,
  `user_id` int NOT NULL,
  PRIMARY KEY (`id`),
  KEY `history_user_id_6457e0b2_fk_user_id` (`user_id`),
  CONSTRAINT `history_user_id_6457e0b2_fk_user_id` FOREIGN KEY (`user_id`) REFERENCES `user` (`id`)
) ENGINE=InnoDB AUTO_INCREMENT=7 DEFAULT CHARSET=utf8mb4 COLLATE=utf8mb4_0900_ai_ci;

-- ----------------------------
-- Records of history
-- ----------------------------
INSERT INTO `history` VALUES ('2', '0', '1', '1');
INSERT INTO `history` VALUES ('5', '1337', '1', '1');
INSERT INTO `history` VALUES ('6', '1', '1', '1');

-- ----------------------------
-- Table structure for `user`
-- ----------------------------
DROP TABLE IF EXISTS `user`;
CREATE TABLE `user` (
  `id` int NOT NULL AUTO_INCREMENT,
  `username` varchar(255) NOT NULL,
  `password` varchar(255) NOT NULL,
  `createTime` date NOT NULL,
  PRIMARY KEY (`id`)
) ENGINE=InnoDB AUTO_INCREMENT=2 DEFAULT CHARSET=utf8mb4 COLLATE=utf8mb4_0900_ai_ci;

-- ----------------------------
-- Records of user
-- ----------------------------
INSERT INTO `user` VALUES ('1', 'userOne', '123123', '2024-08-13');
